Notes,Start kHz,Stop kHz,BandPlan,Status,Type,Repeaters,Beacons,Max BW Hz,Satellite,All Modes,Telegraphy,DV,AM,FM,SSB,MGM,ADIF Band,Pband,ITU
,40000,45000,,Planned,Band,,,,,,,,,,,,8m,40 MHz,VHF
,50000,50030,Synchronized Beacon Project,Official,SubBand,,Y,500,,N,Y,N,N,N,N,N,6m,50 MHz,VHF
,50050,50050,Future Intercontinental center of activity,Official,SubBand,,,500,,N,Y,N,N,N,N,N,6m,50 MHz,VHF
,50090,50090,Intercontinental center of activity,Official,SubBand,,,500,,N,Y,N,N,N,N,N,6m,50 MHz,VHF
,50000,50100,,Official,SubBand,,,500,,N,Y,N,N,N,N,N,6m,50 MHz,VHF
,50110,50110,Intercontinental center of activity,Official,SubBand,,,2700,,N,Y,N,N,N,Y,N,6m,50 MHz,VHF
,50100,50130,Intercontinental section,Official,SubBand,,,2700,,N,Y,N,N,N,Y,N,6m,50 MHz,VHF
,50150,50150,International center of activity,Official,SubBand,,,2700,,N,Y,N,N,N,Y,N,6m,50 MHz,VHF
,50130,50200,International section,Official,SubBand,,,2700,,N,Y,N,N,N,Y,N,6m,50 MHz,VHF
,50285,50285,Cross band usage,Official,SubBand,,,2700,,N,Y,N,N,N,Y,N,6m,50 MHz,VHF
,50200,50300,,Official,SubBand,,,2700,,N,Y,N,N,N,Y,N,6m,50 MHz,VHF
,50305,50305,PSK center of activity,Official,SubBand,,,2700,,N,Y,N,N,N,Y,Y,6m,50 MHz,VHF
,50310,50320,EME center of activity,Official,SubBand,,,2700,,N,Y,N,N,N,Y,Y,6m,50 MHz,VHF
,50320,50380,MS center of activity,Official,SubBand,,,2700,,N,Y,N,N,N,Y,Y,6m,50 MHz,VHF
,50300,50400,,Official,SubBand,,,2700,,N,Y,N,N,N,Y,Y,6m,50 MHz,VHF
,50400,50500,Beacons,Official,SubBand,,Y,1000,,N,Y,N,N,N,N,Y,6m,50 MHz,VHF
,50540,50580,Simplex Internet Voice Gateways,Official,SubBand,,,,,Y,N,N,N,N,N,N,6m,50 MHz,VHF
,50630,50630,DV calling,Official,SubBand,,,,,Y,N,N,N,N,N,N,6m,50 MHz,VHF
,50600,50700,Digital communications,Official,SubBand,,,,,Y,N,N,N,N,N,N,6m,50 MHz,VHF
,50500,50700,,Official,SubBand,,,,,Y,N,N,N,N,N,N,6m,50 MHz,VHF
,50710,50890,Repeater output channels,Official,SubBand,Y,,12000,,N,N,Y,N,Y,N,N,6m,50 MHz,VHF
,50700,50900,,Official,SubBand,,,12000,,N,N,Y,N,Y,N,N,6m,50 MHz,VHF
,50900,51200,Wideband digital experiments,Official,SubBand,,,,,Y,N,N,N,N,N,N,6m,50 MHz,VHF
,51210,51390,Repeater input channels,Official,SubBand,Y,,12000,,N,N,Y,N,Y,N,N,6m,50 MHz,VHF
,51200,51400,,Official,SubBand,,,12000,,N,N,Y,N,Y,N,N,6m,50 MHz,VHF
,51510,51510,FM calling,Official,SubBand,,,,,N,N,N,N,Y,N,N,6m,50 MHz,VHF
,51410,51590,Simplex,Official,SubBand,,,,,N,N,Y,N,Y,N,N,6m,50 MHz,VHF
,51810,51990,Repeater output channels,Official,SubBand,Y,,,,N,N,Y,N,Y,N,N,6m,50 MHz,VHF
,51400,52000,,Official,SubBand,,,,,Y,N,N,N,N,N,N,6m,50 MHz,VHF
,52000,54000,,Official,SubBand,,,500000,,Y,N,N,N,N,N,N,6m,50 MHz,VHF
,50000,54000,,Official,Band,,,,,,,,N,,,,6m,50 MHz,VHF
,54000,69900,,Planned,Band,,,,,,,,,,,,5m,54 MHz,VHF
,70000,70090,Beacons,Official,SubBand,,Y,1000,,N,Y,N,N,N,N,Y,4m,70 MHz,VHF
,70090,70100,Beacons Temporary and Personal,Official,SubBand,,Y,1000,,N,Y,N,N,N,N,Y,4m,70 MHz,VHF
,70185,70185,Cross band center of activity,Official,SubBand,,,2700,,N,Y,N,N,N,Y,Y,4m,70 MHz,VHF
,70200,70200,Telegraphy/SSB center of activity,Official,SubBand,,,2700,,N,Y,N,N,N,Y,Y,4m,70 MHz,VHF
,70250,70250,MS center of activity,Official,SubBand,,,2700,,N,Y,N,N,N,Y,Y,4m,70 MHz,VHF
,70100,70250,,Official,SubBand,,,2700,,N,Y,N,N,N,Y,Y,4m,70 MHz,VHF
,70260,70260,AM/FM calling,Official,SubBand,,,12000,,N,N,N,Y,Y,N,N,4m,70 MHz,VHF
,70270,70270,MGM center of activity,Official,SubBand,,,12000,,N,N,N,Y,Y,N,N,4m,70 MHz,VHF
,70250,70294,,Official,SubBand,,,12000,,N,N,N,Y,Y,N,N,4m,70 MHz,VHF
,70312.5,70312.5,Digital communications,Official,SubBand,,,12000,,N,N,Y,N,Y,N,N,4m,70 MHz,VHF
,70325,70325,Digital communications,Official,SubBand,,,12000,,N,N,Y,N,Y,N,N,4m,70 MHz,VHF
,70450,70450,FM calling,Official,SubBand,,,12000,,N,N,Y,N,Y,N,N,4m,70 MHz,VHF
,70462.5,70462.5,FM calling,Official,SubBand,,,12000,,N,N,Y,N,Y,N,N,4m,70 MHz,VHF
,70475,70475,FM calling,Official,SubBand,,,12000,,N,N,Y,N,Y,N,N,4m,70 MHz,VHF
,70487.5,70487.5,Digital communications,Official,SubBand,,,12000,,N,N,Y,N,Y,N,N,4m,70 MHz,VHF
,70294,70500,,Official,SubBand,,,12000,,N,N,Y,N,Y,N,N,4m,70 MHz,VHF
,70000,70500,,Official,Band,,,,,,,,,,,,4m,70 MHz,VHF
,144000,144025,Satellite Downlink,Official,SubBand,,,2700,Y,,,,,,,,2m,145 MHz,VHF
,144050,144050,Center of activity,Official,SubBand,,,500,,,Y,,,,,,2m,145 MHz,VHF
,144100,144100,Random MS,Official,SubBand,,,500,,,Y,,,,,,2m,145 MHz,VHF
,144025,144100,,Official,SubBand,,,500,,,Y,,,,,,2m,145 MHz,VHF
,144110,144160,CW and MGM EME,Official,SubBand,,,500,,,Y,,,,,Y,2m,145 MHz,VHF
,144100,144150,,Official,SubBand,,,500,,,Y,,,,,Y,2m,145 MHz,VHF
,144300,144300,SSB center of activity,Official,SubBand,,,2700,,,,,,,Y,,2m,145 MHz,VHF
,144150,144400,,Official,SubBand,,,2700,,,Y,,,,Y,Y,2m,145 MHz,VHF
,144400,144490,Beacons,Official,SubBand,,Y,500,,,Y,,,,,Y,2m,145 MHz,VHF
,144491,144493,"Personal weak signal beacons, experimental MGM",Official,SubBand,,Y,500,,,Y,,,,,Y,2m,145 MHz,VHF
,144500,144500,"Image center (SSTV, FAX, …)",Official,SubBand,,,20000,,Y,,,,,,,2m,145 MHz,VHF
,144600,144600,"Data center (MGM, RTTY, …)",Official,SubBand,,,20000,,Y,,,,,,Y,2m,145 MHz,VHF
,144750,144750,ATV talk back,Official,SubBand,,,20000,,Y,,,,,,,2m,145 MHz,VHF
,144500,144794,,Official,SubBand,,,20000,,Y,,,,,,,2m,145 MHz,VHF
,144800,144800,APRS,Official,SubBand,,,12000,,,,,,,,Y,2m,145 MHz,VHF
,144812.5,144812.5,DV Internet voice gateway,Official,SubBand,,,12000,,,,Y,,,,,2m,145 MHz,VHF
,144825,144825,DV Internet voice gateway,Official,SubBand,,,12000,,,,Y,,,,,2m,145 MHz,VHF
,144837.5,144837.5,DV Internet voice gateway,Official,SubBand,,,12000,,,,Y,,,,,2m,145 MHz,VHF
,144850,144850,DV Internet voice gateway,Official,SubBand,,,12000,,,,Y,,,,,2m,145 MHz,VHF
,144862.5,144862.5,DV Internet voice gateway,Official,SubBand,,,12000,,,,Y,,,,,2m,145 MHz,VHF
,144794,144962.5,,Official,SubBand,,,12000,,,,Y,,,,Y,2m,145 MHz,VHF
,144975,145194,Repeater input channels,Official,SubBand,Y,,12000,,,,Y,,Y,,,2m,145 MHz,VHF
,145194,145206,Space communications,Official,SubBand,,,12000,,,,Y,,Y,,,2m,145 MHz,VHF
,145237.5,145237.5,FM Internet voice gateway,Official,SubBand,,,12000,,,,Y,,Y,,,2m,145 MHz,VHF
,145287.5,145287.5,FM Internet voice gateway,Official,SubBand,,,12000,,,,Y,,Y,,,2m,145 MHz,VHF
,145337.5,145337.5,FM Internet voice gateway,Official,SubBand,,,12000,,,,Y,,Y,,,2m,145 MHz,VHF
,145375,145375,Digital Voice Calling,Official,SubBand,,,12000,,,,Y,,,,,2m,145 MHz,VHF
,145500,145500,FM calling,Official,SubBand,,,12000,,,,,,Y,,,2m,145 MHz,VHF
,145206,145562.5,,Official,SubBand,,,12000,,,,Y,,Y,,,2m,145 MHz,VHF
,145575,145793.5,Repeater output channels,Official,SubBand,Y,,12000,,,,Y,,Y,,,2m,145 MHz,VHF
,145794,145806,Space communications,Official,SubBand,,,12000,,,,Y,,Y,,,2m,145 MHz,VHF
,145806,146000,Satellite,Official,SubBand,,,12000,,Y,,,,,,,2m,145 MHz,VHF
,144000,146000,,Official,Band,,,,,,,,,,,,2m,145 MHz,VHF
,430025,430375,Repeater input channels (F/PA/ON),Official,SubBand,Y,,,,Y,,,,,,,70cm,435 MHz,UHF
,430400,430575,Digital communications link channels,Official,SubBand,,,,,Y,,,,,,,70cm,435 MHz,UHF
,430600,430925,Digital communication repeater channels,Official,SubBand,Y,,,,Y,,,,,,,70cm,435 MHz,UHF
,430925,431025,Multi mode channels,Official,SubBand,,,,,Y,,,,,,,70cm,435 MHz,UHF
,431050,431987.5,Repeater input channels,Official,SubBand,Y,,,,Y,,,,,,,70cm,435 MHz,UHF
,431625,431975,Repeater output channels (F/PA/ON),Official,SubBand,Y,,,,Y,,,,,,,70cm,435 MHz,UHF
,430000,431975,,Official,SubBand,,,,,Y,,,,,,,70cm,435 MHz,UHF
,432050,432050,Telegraphy center of activity,Official,SubBand,,,2700,,Y,,,,,,,70cm,435 MHz,UHF
,432200,432200,SSB center of activity,Official,SubBand,,,2700,,Y,,,,,,,70cm,435 MHz,UHF
,432350,432350,Microwave talkback center of activity,Official,SubBand,,,2700,,Y,,,,,,,70cm,435 MHz,UHF
,432370,432370,MS center of activity,Official,SubBand,,,2700,,Y,,,,,,,70cm,435 MHz,UHF
,432000,432400,,Official,SubBand,,,2700,,Y,,,,,,,70cm,435 MHz,UHF
,432400,442490,70cm Beacons,Official,SubBand,,Y,500,,,Y,,,,,Y,70cm,435 MHz,UHF
,432491,432493,Experimental MGM 500Hz,Official,SubBand,,,500,,,,,,,,Y,70cm,435 MHz,UHF
,432500,432500,APRS,Official,SubBand,,,,,Y,,,,,,,70cm,435 MHz,UHF
,432600,432987.5,Repeater input channels,Official,SubBand,Y,,,,Y,,,,,,,70cm,435 MHz,UHF
,432500,432975,,Official,SubBand,,,,,Y,,,,,,,70cm,435 MHz,UHF
,433000,433387.5,Repeater input channels,Official,SubBand,Y,,,,,,Y,,Y,,,70cm,435 MHz,UHF
,433000,433375,Repeater output channels (UK),Official,SubBand,Y,,,,,,Y,,Y,,,70cm,435 MHz,UHF
,433000,433375,,Official,SubBand,,,,,,,Y,,Y,,,70cm,435 MHz,UHF
,433400,433400,SSTV (FM/AFSK),Official,SubBand,,,,,,,Y,,Y,,,70cm,435 MHz,UHF
,433450,433450,Digital Voice Calling,Official,SubBand,,,,,,,Y,,Y,,,70cm,435 MHz,UHF
,433500,433500,FM calling,Official,SubBand,,,,,,,Y,,Y,,,70cm,435 MHz,UHF
,433400,433575,Simplex Channels 25kHz spacing,Official,SubBand,,,,,,,Y,,Y,,,70cm,435 MHz,UHF
,433400,433587.5,,Official,SubBand,,,,,,,Y,,Y,,,70cm,435 MHz,UHF
,433625,433775,Digital communication channels,Official,SubBand,,,,,Y,,,,,,,70cm,435 MHz,UHF
,434000,434000,Digital experiments (LORA),Official,SubBand,,,,,Y,,,,,,,70cm,435 MHz,UHF
,433600,434000,,Official,SubBand,,,,,Y,,,,,,,70cm,435 MHz,UHF
,434450,434575,Digital communication channels (by exception),Official,SubBand,,,,,Y,,,,,,,70cm,435 MHz,UHF
,434000,434587.5,,Official,SubBand,,,,,Y,,,,,,,70cm,435 MHz,UHF
,434600,434987.5,Repeater output channels,Official,SubBand,Y,,,,Y,,,,,,,70cm,435 MHz,UHF
,434600,434975,Repeater input channels (UK),Official,SubBand,Y,,,,Y,,,,,,,70cm,435 MHz,UHF
,434600,434987.5,,Official,SubBand,,,,,Y,,,,,,,70cm,435 MHz,UHF
,435000,436000,Satellite,Official,SubBand,,,,Y,,,,,,,,70cm,435 MHz,UHF
,437000,437000,DATV/Data center of activity,Official,SubBand,,,,Y,,,,,,,,70cm,435 MHz,UHF
,436000,438000,Satellite and DATV,Official,SubBand,,,,Y,,,,,,,,70cm,435 MHz,UHF
,438025,438175,Digital communication,Official,SubBand,,,,,Y,,,,,,,70cm,435 MHz,UHF
,438200,438525,Digital communication repeater channels,Official,SubBand,Y,,,,Y,,,,,,,70cm,435 MHz,UHF
,438550,438625,Multi mode channels,Official,SubBand,,,,,Y,,,,,,,70cm,435 MHz,UHF
,438650,439587.5,Repeater output channels,Official,SubBand,Y,,,,Y,,,,,,,70cm,435 MHz,UHF
,439800,439975,Digital communication channels,Official,SubBand,,,,,Y,,,,,,,70cm,435 MHz,UHF
,438000,440000,,Official,SubBand,,,,,Y,,,,,,,70cm,435 MHz,UHF
,430000,440000,,Official,Band,,,,,,,,,,,,70cm,435 MHz,UHF
,1240000,1240500,reserved for future use,Official,SubBand,,,2700,,Y,,,,,,,23cm,"1,3 GHz",UHF
,1240500,1240750,Beacons (reserved for future use),Official,SubBand,,Y,500,,,Y,,,,,Y,23cm,"1,3 GHz",UHF
,1240750,1241000,reserved for future use,Official,SubBand,,,20000,,,,Y,,Y,,,23cm,"1,3 GHz",UHF
,1241000,1243250,Repeater output channels,Official,SubBand,Y,,20000,,Y,,,,,,,23cm,"1,3 GHz",UHF
,1243250,1260000,"ATV, Digital ATV",Official,SubBand,,,,,,,,,,,,23cm,"1,3 GHz",UHF
,1260000,1270000,,Official,SubBand,,,,Y,,,,,,,,23cm,"1,3 GHz",UHF
,1270000,1272000,,Official,SubBand,,,20000,,Y,,,,,,,23cm,"1,3 GHz",UHF
,1272000,1290994,"ATV, Digital ATV",Official,SubBand,,,,,,,,,,,,23cm,"1,3 GHz",UHF
,1290994,1291481,Repeater input channels,Official,SubBand,Y,,20000,,,,Y,,Y,,,23cm,"1,3 GHz",UHF
,1293150,1294350,Repeater input channels,Official,SubBand,Y,,,,,,,,,,,23cm,"1,3 GHz",UHF
,1291494,1296000,,Official,SubBand,,,,,Y,,,,,,,23cm,"1,3 GHz",UHF
,1296000,1296025,EME,Official,SubBand,,,,,,,,,,,,23cm,"1,3 GHz",UHF
,1296000,1296150,,Official,SubBand,,,500,,,Y,,,,,Y,23cm,"1,3 GHz",UHF
,1296200,1296200,Narrow band center of activity,Official,SubBand,,,,,,,,,,,,23cm,"1,3 GHz",UHF
,1296400,1296600,Linear transponder input,Official,SubBand,,,,,,,,,,,,23cm,"1,3 GHz",UHF
,1296500,1296500,"Image center (SSTV, FAX, …)",Official,SubBand,,,,,,,,,,,,23cm,"1,3 GHz",UHF
,1296600,1296600,"Narrow band data center (MGM, RTTY, …)",Official,SubBand,,,,,,,,,,,,23cm,"1,3 GHz",UHF
,1296600,1296700,Linear transponder output,Official,SubBand,,,,,,,,,,,,23cm,"1,3 GHz",UHF
,1296741,1296743,Experimental MGM 500Hz,Official,SubBand,,,,,,,,,,,Y,23cm,"1,3 GHz",UHF
,1296750,1296800,Beacons Local,Official,SubBand,,Y,,,,,,,,,,23cm,"1,3 GHz",UHF
,1296150,1296800,,Official,SubBand,,,2700,,,Y,,,,Y,Y,23cm,"1,3 GHz",UHF
,1296800,1296994,Beacons,Official,SubBand,,Y,,,,,,,,,,23cm,"1,3 GHz",UHF
,1296994,1297481,FM/DV Repeater output,Official,SubBand,Y,,20000,,,,,,,,,23cm,"1,3 GHz",UHF
,1297500,1297500,FM center of activity,Official,SubBand,,,20000,,,,Y,,Y,,,23cm,"1,3 GHz",UHF
,1297725,1297725,Digital Voice Calling,Official,SubBand,,,20000,,,,Y,,Y,,,23cm,"1,3 GHz",UHF
,1297900,1297975,Simplex Internet Voice Gateways,Official,SubBand,,,20000,,,,Y,,Y,,,23cm,"1,3 GHz",UHF
,1297494,1297981,,Official,SubBand,,,20000,,,,Y,,Y,,,23cm,"1,3 GHz",UHF
,1298000,1299000,Mixed analog or digital in 25kHz channels,Official,SubBand,,,20000,,Y,,,,,,,23cm,"1,3 GHz",UHF
,1299000,1299750,5 x 120 kHz channels for DD,Official,SubBand,,,150000,,Y,,,,,,,23cm,"1,3 GHz",UHF
,1299750,1300000,8 x 25kHz channels FM/DV,Official,SubBand,,,20000,,Y,,Y,,Y,,,23cm,"1,3 GHz",UHF
,1240000,1300000,,Official,Band,,,,,,,,,,,,23cm,"1,3 GHz",UHF
,2304000,2306000,Narrow band (where 2320-2322 not available),Official,SubBand,,,,,,,,,,,,13cm,"2,3 GHz",UHF
,2308000,2310000,Narrow band in HB,Official,SubBand,,,,,,,,,,,,13cm,"2,3 GHz",UHF
,2300000,2320000,,Official,SubBand,,,20000,,Y,,,,,,,13cm,"2,3 GHz",UHF
,2320000,2320025,EME,Official,SubBand,,,,,,,,,,,,13cm,"2,3 GHz",UHF
,2320200,2320200,SSB center of activity,Official,SubBand,,,,,,,,,,,,13cm,"2,3 GHz",UHF
,2320750,2320800,Beacons Local,Official,SubBand,,Y,,,,,,,,,,13cm,"2,3 GHz",UHF
,2320000,2320800,,Official,SubBand,,,,,Y,,,,,,,13cm,"2,3 GHz",UHF
,2320800,2321000,Beacons,Official,SubBand,,Y,,,,Y,,,,,Y,13cm,"2,3 GHz",UHF
,2321000,2322000,Voice Simplex and Repeaters,Official,SubBand,Y,,20000,,,,Y,,Y,,,13cm,"2,3 GHz",UHF
,2322000,2355000,ATV,Official,SubBand,,,,,,,,,,,,13cm,"2,3 GHz",UHF
,2355000,2365000,Digital communications,Official,SubBand,,,,,,,,,,,,13cm,"2,3 GHz",UHF
,2365000,2370000,Repeaters,Official,SubBand,Y,,,,,,,,,,,13cm,"2,3 GHz",UHF
,2370000,2392000,ATV,Official,SubBand,,,,,,,,,,,,13cm,"2,3 GHz",UHF
,2392000,2400000,Digital communications,Official,SubBand,,,,,,,,,,,,13cm,"2,3 GHz",UHF
,2322000,2400000,,Official,SubBand,,,,,Y,,,,,,,13cm,"2,3 GHz",UHF
,2400000,2402000,Narrow band (where 2320-2322 not available),Official,SubBand,,,,,,,,,,,,13cm,"2,3 GHz",UHF
,2400500,2400500,Center of activity,Official,SubBand,,,,,,,,,,,,13cm,"2,3 GHz",UHF
,2400800,2401000,Coordinated Beacons,Official,SubBand,,Y,,,,Y,,,,,Y,13cm,"2,3 GHz",UHF
,2427000,2443000,ATV,Official,SubBand,,,,,,,,,,,,13cm,"2,3 GHz",UHF
,2400000,2450000,,Official,SubBand,,,,Y,,,,,,,,13cm,"2,3 GHz",UHF
,2300000,2450000,,Official,Band,,,,,,,,,,,,13cm,"2,3 GHz",UHF
,3400100,3400100,Center of activity and EME,Official,SubBand,,,,,Y,,,,,,,9cm,"3,4 GHz",SHF
,3400750,3400800,Beacons Local,Official,SubBand,,Y,,,Y,,,,,,,9cm,"3,4 GHz",SHF
,3400000,3400800,,Official,SubBand,,,,,Y,,,,,,,9cm,"3,4 GHz",SHF
,3400800,3400995,Beacons,Official,SubBand,,Y,,,Y,,,,,,,9cm,"3,4 GHz",SHF
,3401000,3402000,,Official,SubBand,,,,,Y,,,,,,,9cm,"3,4 GHz",SHF
,3402000,3410000,Satellite Downlink,Official,SubBand,,,,Y,Y,,,,,,,9cm,"3,4 GHz",SHF
,3410000,3475000,,Official,SubBand,,,,,Y,,,,,,,9cm,"3,4 GHz",SHF
,3400000,3475000,,Official,Band,,,,,,,,,,,,9cm,"3,4 GHz",SHF
,5650000,5668000,Satellite Uplink,Official,SubBand,,,,Y,Y,,,,,,,6cm,"5,7 GHz",SHF
,5668200,5668200,Narrow band center of activity,Official,SubBand,,,,,Y,,,,,,,6cm,"5,7 GHz",SHF
,5668000,5670000,Satellite Uplink,Official,SubBand,,,,Y,Y,,,,,,,6cm,"5,7 GHz",SHF
,5670000,5700000,,Official,SubBand,,,,,,,,,,,Y,6cm,"5,7 GHz",SHF
,5700000,5760000,,Official,SubBand,,,,,Y,,,,,,,6cm,"5,7 GHz",SHF
,5760200,5760200,Narrow band center of activity,Official,SubBand,,,2700,,Y,,,,,,,6cm,"5,7 GHz",SHF
,5760750,5760800,Beacons Local,Official,SubBand,,Y,2700,,Y,,,,,,,6cm,"5,7 GHz",SHF
,5760800,5760990,Beacons,Official,SubBand,,Y,,,,Y,,,,,Y,6cm,"5,7 GHz",SHF
,5760000,5760800,,Official,SubBand,,,2700,,Y,,,,,,,6cm,"5,7 GHz",SHF
,5761000,5762000,,Official,SubBand,,,,,Y,,,,,,,6cm,"5,7 GHz",SHF
,5762000,5830000,,Official,SubBand,,,,,Y,,,,,,,6cm,"5,7 GHz",SHF
,5830000,5850000,Satellite Downlink,Official,SubBand,,,,Y,Y,,,,,,,6cm,"5,7 GHz",SHF
,5650000,5850000,,Official,Band,,,,,,,,,,,,6cm,"5,7 GHz",SHF
,10000000,10150000,,Official,SubBand,,,,,,,,,,,Y,3cm,10 GHz,SHF
,10150000,10250000,,Official,SubBand,,,,,Y,,,,,,,3cm,10 GHz,SHF
,10250000,10350000,,Official,SubBand,,,,,,,,,,,Y,3cm,10 GHz,SHF
,10350000,10368000,,Official,SubBand,,,,,Y,,,,,,,3cm,10 GHz,SHF
,10368000,10368800,,Official,SubBand,,,2700,,Y,,,,,,,3cm,10 GHz,SHF
,10368200,10368200,Narrow band center of activity,Official,SubBand,,,2700,,Y,,,,,,,3cm,10 GHz,SHF
,10368750,10368800,Beacons Local,Official,SubBand,,Y,,,,,,,,,,3cm,10 GHz,SHF
,10368800,10368990,Beacons,Official,SubBand,,Y,,,,,,,,,,3cm,10 GHz,SHF
,10369000,10370000,,Official,SubBand,,,,,Y,,,,,,,3cm,10 GHz,SHF
,10370000,10450000,,Official,SubBand,,,,,Y,,,,,,,3cm,10 GHz,SHF
,10450000,10452000,Narrow band,Official,SubBand,,,,,,,,,,,,3cm,10 GHz,SHF
,10450000,10500000,,Official,SubBand,,,,,Y,,,,,,,3cm,10 GHz,SHF
,10000000,10500000,,Official,Band,,,,,,,,,,,,3cm,10 GHz,SHF
,24048200,24048200,Wideband band center of activity,Official,SubBand,,,,,Y,,,,,,,1.25cm,24 GHz,SHF
,24048200,24048200,Narrow band center of activity,Official,SubBand,,,2700,,Y,,,,,,,1.25cm,24 GHz,SHF
,24048750,24048800,Beacons Local,Official,SubBand,,Y,,,,,,,,,,1.25cm,24 GHz,SHF
,24048800,24048995,Beacons Local,Official,SubBand,,Y,,,,,,,,,,1.25cm,24 GHz,SHF
,24049000,24050000,Narrow band ,Official,SubBand,,,2700,Y,Y,,,,,,,1.25cm,24 GHz,SHF
,24050000,24250000,,Official,SubBand,,,,,Y,,,,,,,1.25cm,24 GHz,SHF
,24000000,24250000,,Official,Band,,,,,,,,,,,,1.25cm,24 GHz,SHF
,47000000,47088000,,Official,SubBand,,,,,Y,,,,,,,6mm,47 GHz,EHF
,47088200,47088200,Narrow band center of activity,Official,SubBand,,,2700,,Y,,,,,,,6mm,47 GHz,EHF
,47088000,47090000,,Official,SubBand,,,2700,Y,Y,,,,,,,6mm,47 GHz,EHF
,47090000,47200000,,Official,SubBand,,,,,,,,,,,,6mm,47 GHz,EHF
,47000000,47200000,,Official,Band,,,,,,,,,,,,6mm,47 GHz,EHF
,75976200,75976200,Narrow band center of activity,Official,SubBand,,,2700,,Y,,,,,,,4mm,76 GHz,EHF
,75500000,76000000,,Official,SubBand,,,2700,Y,Y,,,,,,,4mm,76 GHz,EHF
,76032200,76032200,Narrow band center of activity (not Preferred),Official,SubBand,,,,,Y,,,,,,,4mm,76 GHz,EHF
,76000000,77500000,,Official,SubBand,,,,,Y,,,,,,,4mm,76 GHz,EHF
,77500200,77500200,Narrow band center of activity (not Preferred),Official,SubBand,,,,,Y,,,,,,,4mm,76 GHz,EHF
,77500000,77501000,,Official,SubBand,,,2700,Y,Y,,,,,,,4mm,76 GHz,EHF
,77501000,78000000,,Official,SubBand,,,,,Y,,,,,,,4mm,76 GHz,EHF
,78000000,81500000,not preferred fo usage,Official,SubBand,,,,,Y,,,,,,,4mm,76 GHz,EHF
,75500000,81500000,,Official,Band,,,,,,,,,,,,4mm,76 GHz,EHF
,122250000,122251000,Narrow band modes,Official,SubBand,,,2700,,Y,,,,,,,2.5mm,120 GHz,EHF
,122251000,123000000,,Official,SubBand,,,,,Y,,,,,,,2.5mm,120 GHz,EHF
,122250000,123000000,,Official,Band,,,,,,,,,,,,2.5mm,120 GHz,EHF
,134000000,134928000,,Official,SubBand,,,,Y,Y,,,,,,,2mm,144 GHz,EHF
,134930000,134930000,Narrow band center of activity,Official,SubBand,,,2700,,Y,,,,,,,2mm,144 GHz,EHF
,134928000,134930000,,Official,SubBand,,,2700,,Y,,,,,,,2mm,144 GHz,EHF
,134930000,136000000,,Official,SubBand,,,,,Y,,,,,,,2mm,144 GHz,EHF
,136000000,141000000,,Official,SubBand,,,,,,,,,,,,2mm,144 GHz,EHF
,134000000,141000000,not preferred fo usage,Official,Band,,,,,Y,,,,,,,2mm,144 GHz,EHF
,241000000,248000000,not preferred fo usage,Official,SubBand,,,,,Y,,,,,,,1mm,248 GHz,EHF
,248000000,248001000,,Official,SubBand,,,,Y,Y,,,,,,,1mm,248 GHz,EHF
,248001000,250000000,,Official,SubBand,,,,,Y,,,,,,,1mm,248 GHz,EHF
,241000000,250000000,,Official,Band,,,,,,,,,,,,1mm,248 GHz,EHF
